https://idx-acnt-ihouseprd.b-cdn.net/AR1140900/file_manager/001_file_602.jpg	media/4f4af415704cb2ab.jpg
https://idx-acnt-ihouseprd.b-cdn.net/AR1140900/file_manager/2025%20Real%20Estate%20Market%20Update%20for%20Northern%20Colorado.png	media/43d185242b24626b.png
https://idx-acnt-ihouseprd.b-cdn.net/AR1140900/file_manager/355,000.png	media/33a139a3936e5b49.png
https://idx-acnt-ihouseprd.b-cdn.net/AR1140900/file_manager/67j%20dusk%20perfect.jpg	media/cd5e5f8c3cb00ef8.jpg
https://idx-acnt-ihouseprd.b-cdn.net/AR1140900/file_manager/839_2%20%281%29.png?width=400&amp;height=563&amp;aspect_ratio=400%3A563	media/cc1de3e66021ba98.png
https://idx-acnt-ihouseprd.b-cdn.net/AR1140900/file_manager/839_2%20%281%29.png?width=800&amp;height=1126&amp;aspect_ratio=400%3A563	media/b43733801263aecf.png
https://idx-acnt-ihouseprd.b-cdn.net/AR1140900/file_manager/9C532521-1774-443D-9C2C-2813C926A7FC.png	media/b371189f9433a909.png
https://idx-acnt-ihouseprd.b-cdn.net/AR1140900/file_manager/9C532521-1774-443D-9C2C-2813C926A7FC.png?width=400&amp;height=400&amp;aspect_ratio=400%3A400	media/4452b7cab9a5ea2d.png
https://idx-acnt-ihouseprd.b-cdn.net/AR1140900/file_manager/9C532521-1774-443D-9C2C-2813C926A7FC.png?width=800&amp;height=800&amp;aspect_ratio=400%3A400	media/037b99bea6976a47.png
https://idx-acnt-ihouseprd.b-cdn.net/AR1140900/file_manager/A%20front%20D%20to%20E%20%282%29.jpg	media/ce9f6c9ab78bc4ae.jpg
https://idx-acnt-ihouseprd.b-cdn.net/AR1140900/file_manager/AdobeStock_223903080.jpg	media/c6a9242d123b9ade.jpg
https://idx-acnt-ihouseprd.b-cdn.net/AR1140900/file_manager/AdobeStock_223903080.jpg?width=1920&amp;height=1280&amp;aspect_ratio=960%3A640	media/fb3357784a7164ab.jpg
https://idx-acnt-ihouseprd.b-cdn.net/AR1140900/file_manager/AdobeStock_223903080.jpg?width=960&amp;height=640&amp;aspect_ratio=960%3A640	media/d8553dab81cf50ad.jpg
https://idx-acnt-ihouseprd.b-cdn.net/AR1140900/file_manager/AdobeStock_257055845.jpeg?width=1200&amp;height=600&amp;aspect_ratio=600%3A300	media/573934f8948597dc.jpeg
https://idx-acnt-ihouseprd.b-cdn.net/AR1140900/file_manager/AdobeStock_257055845.jpeg?width=1600&amp;height=800&amp;aspect_ratio=800%3A400	media/7ab4407c62c6c635.jpeg
https://idx-acnt-ihouseprd.b-cdn.net/AR1140900/file_manager/AdobeStock_257055845.jpeg?width=600&amp;height=300&amp;aspect_ratio=600%3A300	media/cdb3b51f9a42e1b0.jpeg
https://idx-acnt-ihouseprd.b-cdn.net/AR1140900/file_manager/AdobeStock_257055845.jpeg?width=800&amp;height=400&amp;aspect_ratio=800%3A400	media/1f4158c73ba22ade.jpeg
https://idx-acnt-ihouseprd.b-cdn.net/AR1140900/file_manager/AdobeStock_481183534.jpg	media/acf4d10f228ee0d9.jpg
https://idx-acnt-ihouseprd.b-cdn.net/AR1140900/file_manager/Approved%20Images/A%20front%201%20twilight%20%284%29.jpg	media/c16a6545d95b05a2.jpg
https://idx-acnt-ihouseprd.b-cdn.net/AR1140900/file_manager/Approved%20Images/FJ4ig19v15Bx33ZSGceXl7AziX6vnZfaoQ.jpg	media/71669b02d1821d24.jpg
https://idx-acnt-ihouseprd.b-cdn.net/AR1140900/file_manager/Approved%20Images/The%20Little%20Lady%20Sells%20homes%20in%20ault.jpeg	media/c63265057fab2017.jpeg
https://idx-acnt-ihouseprd.b-cdn.net/AR1140900/file_manager/Approved%20Images/The%20Little%20Lady%20Sells%20homes%20in%20ault.jpeg?width=1000&amp;height=666&amp;aspect_ratio=500%3A333	media/e9a161bbd26408d9.jpeg
https://idx-acnt-ihouseprd.b-cdn.net/AR1140900/file_manager/Approved%20Images/The%20Little%20Lady%20Sells%20homes%20in%20ault.jpeg?width=500&amp;height=333&amp;aspect_ratio=500%3A333	media/8a31b52b140ae275.jpeg
https://idx-acnt-ihouseprd.b-cdn.net/AR1140900/file_manager/Approved%20Images/The%20Little%20Lady%20sells%20homes%20111%202nd%20st.jpg	media/af8795eea6cf36a4.jpg
https://idx-acnt-ihouseprd.b-cdn.net/AR1140900/file_manager/Approved%20Images/The%20Little%20Lady%20sells%20homes%20111%202nd%20st.jpg?width=1000&amp;height=666&amp;aspect_ratio=500%3A333	media/931cfd5f439aedb2.jpg
https://idx-acnt-ihouseprd.b-cdn.net/AR1140900/file_manager/Approved%20Images/The%20Little%20Lady%20sells%20homes%20111%202nd%20st.jpg?width=500&amp;height=333&amp;aspect_ratio=500%3A333	media/78d98d2a24b81bd9.jpg
https://idx-acnt-ihouseprd.b-cdn.net/AR1140900/file_manager/Approved%20Images/ev-5LrGwKcf55OEgH5n-nQVB9W4z_zh4LA.jpg	media/8393bc9aa6400d14.jpg
https://idx-acnt-ihouseprd.b-cdn.net/AR1140900/file_manager/Cash%20Offer%20Loveland%20Colorado.png	media/995cdbcc0ab49bc4.png
https://idx-acnt-ihouseprd.b-cdn.net/AR1140900/file_manager/Cash%20Offer.png	media/8abdf1896524e57b.png
https://idx-acnt-ihouseprd.b-cdn.net/AR1140900/file_manager/Christine%20Gwinnup%20The%20Little%20LAdy%20Sells%20Homes%20Real%20Estate%20Agent%20Best%20Greeley%20Realtor.jpg	media/43d35d077803c223.jpg
https://idx-acnt-ihouseprd.b-cdn.net/AR1140900/file_manager/Christine-Gwinnup-Windsor-Homes-For-Sale-Lake.jpg?width=1920&amp;height=1280&amp;aspect_ratio=960%3A640	media/1e0a5c74c5bc3518.jpg
https://idx-acnt-ihouseprd.b-cdn.net/AR1140900/file_manager/Christine-Gwinnup-Windsor-Homes-For-Sale-Lake.jpg?width=960&amp;height=640&amp;aspect_ratio=960%3A640	media/f174f955a29d59c7.jpg
https://idx-acnt-ihouseprd.b-cdn.net/AR1140900/file_manager/Colorado%20Seller%20Guide.png	media/06d9692b47d66fbc.png
https://idx-acnt-ihouseprd.b-cdn.net/AR1140900/file_manager/Contact%20Christine%20Gwinnup%2C%20The%20Little%20Lady%20Sells%20Homes.png	media/3d569ca213d32373.png
https://idx-acnt-ihouseprd.b-cdn.net/AR1140900/file_manager/Devils%20Backbone%20keyhole.jpg?width=1920&amp;height=1280&amp;aspect_ratio=960%3A640	media/e61a8f7e72735031.jpg
https://idx-acnt-ihouseprd.b-cdn.net/AR1140900/file_manager/Devils%20Backbone%20keyhole.jpg?width=960&amp;height=640&amp;aspect_ratio=960%3A640	media/bcd6b0d9757546e7.jpg
https://idx-acnt-ihouseprd.b-cdn.net/AR1140900/file_manager/Downsize%20Northern%20Colorado.png	media/e3199f2f7bf33775.png
https://idx-acnt-ihouseprd.b-cdn.net/AR1140900/file_manager/Eaton%20Commons%20park%203%20%281%29.jpg	media/d2e3672734c6b100.jpg
https://idx-acnt-ihouseprd.b-cdn.net/AR1140900/file_manager/Expired%20Listing%20Photo.png	media/9bed3d7c93c7c178.png
https://idx-acnt-ihouseprd.b-cdn.net/AR1140900/file_manager/FIND%20YOUR%20MULTIGENERATIONAL%20HOME%20IN%20NORTHERN%20COLORADO%20%283%29.png	media/a0fedacb1cf7dd37.png
https://idx-acnt-ihouseprd.b-cdn.net/AR1140900/file_manager/Fall%20is%20the%20best%20time%20to%20sell%20%281%29.png	media/c98562f7d513b6e4.png
https://idx-acnt-ihouseprd.b-cdn.net/AR1140900/file_manager/Featured%20Communities/67j%20dusk%20perfect.jpg	media/ba2431a2149dc6af.jpg
https://idx-acnt-ihouseprd.b-cdn.net/AR1140900/file_manager/Featured%20Communities/AdobeStock_223903080.jpg	media/0f22c8d2d96932ce.jpg
https://idx-acnt-ihouseprd.b-cdn.net/AR1140900/file_manager/Featured%20Communities/Castle%20Pines%20North.jpeg?width=400&amp;height=400&amp;aspect_ratio=400%3A400	media/855e35c89373e174.jpeg
https://idx-acnt-ihouseprd.b-cdn.net/AR1140900/file_manager/Featured%20Communities/Castle%20Pines%20North.jpeg?width=800&amp;height=800&amp;aspect_ratio=400%3A400	media/171f1970e87237d8.jpeg
https://idx-acnt-ihouseprd.b-cdn.net/AR1140900/file_manager/Featured%20Communities/Cherry%20Hills%20Village.png?width=400&amp;height=400&amp;aspect_ratio=400%3A400	media/aca88cff45772faa.png
https://idx-acnt-ihouseprd.b-cdn.net/AR1140900/file_manager/Featured%20Communities/Cherry%20Hills%20Village.png?width=800&amp;height=800&amp;aspect_ratio=400%3A400	media/c36465f98805bba3.png
https://idx-acnt-ihouseprd.b-cdn.net/AR1140900/file_manager/Featured%20Communities/Conestoga%2C%20Ault%2C%20Colorado.jpeg?width=400&amp;height=300&amp;aspect_ratio=400%3A300	media/ecc0938ff3668903.jpeg
https://idx-acnt-ihouseprd.b-cdn.net/AR1140900/file_manager/Featured%20Communities/Conestoga%2C%20Ault%2C%20Colorado.jpeg?width=800&amp;height=600&amp;aspect_ratio=400%3A300	media/a308dcf841243c54.jpeg
https://idx-acnt-ihouseprd.b-cdn.net/AR1140900/file_manager/Featured%20Communities/Featured-Community-1184537413.jpg	media/ffd15d2568bc1af4.jpg
https://idx-acnt-ihouseprd.b-cdn.net/AR1140900/file_manager/Featured%20Communities/Featured-Community-127569044.jpg	media/a6e57bb0b4bfca15.jpg
https://idx-acnt-ihouseprd.b-cdn.net/AR1140900/file_manager/Featured%20Communities/Featured-Community-1403578811.jpg	media/f5182eca4a746a04.jpg
https://idx-acnt-ihouseprd.b-cdn.net/AR1140900/file_manager/Featured%20Communities/Featured-Community-1444150004.jpg	media/94e43314ef92c47a.jpg
https://idx-acnt-ihouseprd.b-cdn.net/AR1140900/file_manager/Featured%20Communities/Featured-Community-1800580621.jpg	media/9571ac5d6f943f53.jpg
https://idx-acnt-ihouseprd.b-cdn.net/AR1140900/file_manager/Featured%20Communities/Featured-Community-213445882.jpg	media/b95e646bc3c5422a.jpg
https://idx-acnt-ihouseprd.b-cdn.net/AR1140900/file_manager/Featured%20Communities/Featured-Community-220698760.jpg	media/33b8870473db9465.jpg
https://idx-acnt-ihouseprd.b-cdn.net/AR1140900/file_manager/Featured%20Communities/Featured-Community-5429707.jpg	media/ef36f6bca58ed830.jpg
https://idx-acnt-ihouseprd.b-cdn.net/AR1140900/file_manager/Featured%20Communities/Featured-Community-98519411.jpg	media/325452cbc2831206.jpg
https://idx-acnt-ihouseprd.b-cdn.net/AR1140900/file_manager/Featured%20Communities/IMG_2472.jpeg	media/57b9846e40d6a440.jpeg
https://idx-acnt-ihouseprd.b-cdn.net/AR1140900/file_manager/Featured%20Communities/Neighborhood%20Community%20-%201176474574.jpg	media/7cb69b543dd2cb8e.jpg
https://idx-acnt-ihouseprd.b-cdn.net/AR1140900/file_manager/Featured%20Communities/Neighborhood%20Community%20-%201820569244.jpg	media/8d0b4b244efe34d9.jpg
https://idx-acnt-ihouseprd.b-cdn.net/AR1140900/file_manager/Featured%20Communities/Neighborhood%20Community%20-%20523424383.jpg	media/e34bd703b65100c5.jpg
https://idx-acnt-ihouseprd.b-cdn.net/AR1140900/file_manager/Featured%20Communities/Neighborhood%20Community%20-%20569669149.jpg	media/e02cd4cc22efb847.jpg
https://idx-acnt-ihouseprd.b-cdn.net/AR1140900/file_manager/Featured%20Communities/Neighborhood%20Community%20-%20573173830.jpg	media/7c62eae48667d0a4.jpg
https://idx-acnt-ihouseprd.b-cdn.net/AR1140900/file_manager/Featured%20Communities/featured-community-131637998.jpg	media/4df720de3d360712.jpg
https://idx-acnt-ihouseprd.b-cdn.net/AR1140900/file_manager/Featured%20Communities/featured-community-218112154.jpg	media/ee2248b5ad9cef89.jpg
https://idx-acnt-ihouseprd.b-cdn.net/AR1140900/file_manager/Featured%20Communities/featured-community-304728377.jpg	media/e5a880dec2de9fe2.jpg
https://idx-acnt-ihouseprd.b-cdn.net/AR1140900/file_manager/Featured%20Communities/featured-community-304728377.jpg?width=1000&amp;height=666&amp;aspect_ratio=500%3A333	media/634870ab53fa0a9d.jpg
https://idx-acnt-ihouseprd.b-cdn.net/AR1140900/file_manager/Featured%20Communities/featured-community-304728377.jpg?width=500&amp;height=333&amp;aspect_ratio=500%3A333	media/da7f7e4e3d6d49b9.jpg
https://idx-acnt-ihouseprd.b-cdn.net/AR1140900/file_manager/Featured%20Communities/featured-community-54343258%20-%20Copy.jpg	media/cb3e82038241f687.jpg
https://idx-acnt-ihouseprd.b-cdn.net/AR1140900/file_manager/Featured%20Communities/foreclosure.jpg?width=1000&amp;height=576&amp;aspect_ratio=500%3A288	media/4041b78bd72b1f2f.jpg
https://idx-acnt-ihouseprd.b-cdn.net/AR1140900/file_manager/Featured%20Communities/foreclosure.jpg?width=500&amp;height=288&amp;aspect_ratio=500%3A288	media/2fcef2061807dcec.jpg
https://idx-acnt-ihouseprd.b-cdn.net/AR1140900/file_manager/First%20Time%20Homebuyer.png	media/2b8268b4502c077a.png
https://idx-acnt-ihouseprd.b-cdn.net/AR1140900/file_manager/First%20Time%20Homebuyers.png	media/04d1bc2a4ab09698.png
https://idx-acnt-ihouseprd.b-cdn.net/AR1140900/file_manager/GET%20EXCLUSINVEL%20%282%29.png	media/3059de9adf8309c1.png
https://idx-acnt-ihouseprd.b-cdn.net/AR1140900/file_manager/Homes%20For%20Sale%20Active%20Listings.png	media/e6231d747b696f5e.png
https://idx-acnt-ihouseprd.b-cdn.net/AR1140900/file_manager/House%20Landscape.png	media/fc9c702eacb56aed.png
https://idx-acnt-ihouseprd.b-cdn.net/AR1140900/file_manager/IMG_1045.jpeg	media/c80134b5ae19cbd6.jpeg
https://idx-acnt-ihouseprd.b-cdn.net/AR1140900/file_manager/IMG_2513.jpeg	media/46cb35d49a9bd22e.jpeg
https://idx-acnt-ihouseprd.b-cdn.net/AR1140900/file_manager/IMG_5896.jpeg	media/5bbf8125cea2a641.jpeg
https://idx-acnt-ihouseprd.b-cdn.net/AR1140900/file_manager/IMG_5896.jpeg?width=200&amp;height=250&amp;aspect_ratio=200%3A250	media/201085796ea13d6f.jpeg
https://idx-acnt-ihouseprd.b-cdn.net/AR1140900/file_manager/IMG_5896.jpeg?width=400&amp;height=500&amp;aspect_ratio=200%3A250	media/3f7c2c6ccf8ef8a5.jpeg
https://idx-acnt-ihouseprd.b-cdn.net/AR1140900/file_manager/Loveland%20Colorado%20Downsize%20Luxury%20%20%281%29.png	media/da6bff1772e90dec.png
https://idx-acnt-ihouseprd.b-cdn.net/AR1140900/file_manager/Loveland%20Colorado%20Real%20Estate.png	media/afc3980dd3b8bbac.png
https://idx-acnt-ihouseprd.b-cdn.net/AR1140900/file_manager/Loveland%20Downsize%20House.png	media/9bc2c69abc1a3dc4.png
https://idx-acnt-ihouseprd.b-cdn.net/AR1140900/file_manager/Loveland%20Rocky%20Mountains.png	media/ed7c39c404971b9c.png
https://idx-acnt-ihouseprd.b-cdn.net/AR1140900/file_manager/Loveland%20Rocky%20Mountains.png?width=1920&amp;height=1280&amp;aspect_ratio=960%3A640	media/75e62cf24513a793.png
https://idx-acnt-ihouseprd.b-cdn.net/AR1140900/file_manager/Loveland%20Rocky%20Mountains.png?width=960&amp;height=640&amp;aspect_ratio=960%3A640	media/e1b0a5801f37c80f.png
https://idx-acnt-ihouseprd.b-cdn.net/AR1140900/file_manager/Luxury%20Homes%20For%20Sale%20Fort%20Collins.webp?width=1000&amp;height=623&amp;aspect_ratio=1000%3A623	media/a8e02519b8bea06a.webp
https://idx-acnt-ihouseprd.b-cdn.net/AR1140900/file_manager/Luxury%20Homes%20For%20Sale%20Fort%20Collins.webp?width=2000&amp;height=1246&amp;aspect_ratio=1000%3A623	media/64fd2c43cc1885f4.webp
https://idx-acnt-ihouseprd.b-cdn.net/AR1140900/file_manager/Maplewood%20Estates%202%20%281%29.jpg	media/22a73c4bdbb2d431.jpg
https://idx-acnt-ihouseprd.b-cdn.net/AR1140900/file_manager/Marketing%20Matters/large%20sign.png	media/377bf37a21a553ad.png
https://idx-acnt-ihouseprd.b-cdn.net/AR1140900/file_manager/Minimalist%20Real%20Estate%20Tips%20Instagram%20Post.png	media/cd93728cf2fcaad4.png
https://idx-acnt-ihouseprd.b-cdn.net/AR1140900/file_manager/OPEN%20Houses%20near%20me.png	media/bbb1c556d63de6be.png
https://idx-acnt-ihouseprd.b-cdn.net/AR1140900/file_manager/RELOCATION%20EXPERTS.png	media/c8e112c23c8e6935.png
https://idx-acnt-ihouseprd.b-cdn.net/AR1140900/file_manager/Rent%20To%20Own%20Loveland%20Colorado%20Christine%20Gwinnup%20Realtor%20%281%29.png	media/fb0c51155356a05a.png
https://idx-acnt-ihouseprd.b-cdn.net/AR1140900/file_manager/SOLD%20Pictures/Untitled%20design.jpg	media/845d4305ee8acb01.jpg
https://idx-acnt-ihouseprd.b-cdn.net/AR1140900/file_manager/Screenshot%202024-06-06%20at%202.41.06%E2%80%AFAM.png	media/66a29b59c9f025b0.png
https://idx-acnt-ihouseprd.b-cdn.net/AR1140900/file_manager/Screenshot%202025-04-10%20at%209.59.05%E2%80%AFAM.png	media/da0034521fec3f5a.png
https://idx-acnt-ihouseprd.b-cdn.net/AR1140900/file_manager/Sell%20my%20home%20in%20colorado%20for%20cash.png	media/c58954df2181348a.png
https://idx-acnt-ihouseprd.b-cdn.net/AR1140900/file_manager/Sprague%20Lake%20Estes%20Park.png?width=1920&amp;height=1280&amp;aspect_ratio=960%3A640	media/26e629c6333252c9.png
https://idx-acnt-ihouseprd.b-cdn.net/AR1140900/file_manager/Sprague%20Lake%20Estes%20Park.png?width=960&amp;height=640&amp;aspect_ratio=960%3A640	media/4295c7414e81fa82.png
https://idx-acnt-ihouseprd.b-cdn.net/AR1140900/file_manager/Thinking%20about%20Downsizing%20.png	media/da2ec31d0aa30af7.png
https://idx-acnt-ihouseprd.b-cdn.net/AR1140900/file_manager/Untitled%20design%20%2810%29.png	media/8939518422552376.png
https://idx-acnt-ihouseprd.b-cdn.net/AR1140900/file_manager/Untitled%20design%20%2813%29.png	media/e4e7e9ce80e11d3b.png
https://idx-acnt-ihouseprd.b-cdn.net/AR1140900/file_manager/Untitled%20design%20%2814%29.png	media/6e76f2762232afbd.png
https://idx-acnt-ihouseprd.b-cdn.net/AR1140900/file_manager/Untitled%20design.jpg	media/db1b19c56bd45c05.jpg
https://idx-acnt-ihouseprd.b-cdn.net/AR1140900/file_manager/Weld%20County%20Foreclosures%20Real%20Estate%20Agent.jpg	media/42eed3e1576e459e.jpg
https://idx-acnt-ihouseprd.b-cdn.net/AR1140900/file_manager/Why%20Buyers%20Choose%20The%20Little%20Lady%20Sells%20Homes.png	media/0e29c21fae7a5d2d.png
https://idx-acnt-ihouseprd.b-cdn.net/AR1140900/file_manager/Why%20Buyers%20Choose%20The%20Little%20Lady%20Sells%20Homes.png?width=1068&amp;height=600&amp;aspect_ratio=534%3A300	media/f99fb1d84c11c4b0.png
https://idx-acnt-ihouseprd.b-cdn.net/AR1140900/file_manager/Why%20Buyers%20Choose%20The%20Little%20Lady%20Sells%20Homes.png?width=534&amp;height=300&amp;aspect_ratio=534%3A300	media/dbdbd57eefd65c11.png
https://idx-acnt-ihouseprd.b-cdn.net/AR1140900/file_manager/ankara-4940331_640.jpg	media/74d759cc54ecea2e.jpg
https://idx-acnt-ihouseprd.b-cdn.net/AR1140900/file_manager/banners/LRyluarTXktN8-awBAdyy826K_8JYX7cHw.png	media/314c7dd5b6cb68f6.png
https://idx-acnt-ihouseprd.b-cdn.net/AR1140900/file_manager/barn-556696_1280.jpg	media/ef08c0c04db52e8e.jpg
https://idx-acnt-ihouseprd.b-cdn.net/AR1140900/file_manager/cash%20offer%20for%20eaton%20co%20homes.png	media/b6824465abf7506a.png
https://idx-acnt-ihouseprd.b-cdn.net/AR1140900/file_manager/cash%20offers%20for%20loveland%20colorado.png	media/83d7d0989d12f5da.png
https://idx-acnt-ihouseprd.b-cdn.net/AR1140900/file_manager/cheap%20homes%20for%20sale%20in%20greeley.png	media/f183fb806175690a.png
https://idx-acnt-ihouseprd.b-cdn.net/AR1140900/file_manager/christine%20gwinnup%20real%20estate%20agent.png	media/e794017be4a62973.png
https://idx-acnt-ihouseprd.b-cdn.net/AR1140900/file_manager/downtown-loveland-colorado-real-estate%20%281%29.jpg?width=200&amp;height=250&amp;aspect_ratio=200%3A250	media/c67263a39e83d852.jpg
https://idx-acnt-ihouseprd.b-cdn.net/AR1140900/file_manager/downtown-loveland-colorado-real-estate%20%281%29.jpg?width=400&amp;height=500&amp;aspect_ratio=200%3A250	media/beaf63ab87a6df8c.jpg
https://idx-acnt-ihouseprd.b-cdn.net/AR1140900/file_manager/field-4609590_640.jpg	media/f817fa046f01e3a5.jpg
https://idx-acnt-ihouseprd.b-cdn.net/AR1140900/file_manager/fire.png	media/e3ffd99556dc31c1.png
https://idx-acnt-ihouseprd.b-cdn.net/AR1140900/file_manager/heart.png?width=20&amp;height=17&amp;aspect_ratio=20%3A17	media/50136bc296c763c3.png
https://idx-acnt-ihouseprd.b-cdn.net/AR1140900/file_manager/heart.png?width=40&amp;height=34&amp;aspect_ratio=20%3A17	media/6555ba85ded29d74.png
https://idx-acnt-ihouseprd.b-cdn.net/AR1140900/file_manager/loveland%20co%20downtown.jpg	media/fc45f95afc0f6d58.jpg
https://idx-acnt-ihouseprd.b-cdn.net/AR1140900/file_manager/loveland-co-local-coffee-shop-realtor.jpg	media/1d1cbf966a0e0d63.jpg
https://idx-acnt-ihouseprd.b-cdn.net/AR1140900/file_manager/loveland-colorado-realtor-christine-gwinnup%20%281%29.jpg?width=200&amp;height=250&amp;aspect_ratio=200%3A250	media/1c42377fedbe3982.jpg
https://idx-acnt-ihouseprd.b-cdn.net/AR1140900/file_manager/loveland-colorado-realtor-christine-gwinnup%20%281%29.jpg?width=400&amp;height=500&amp;aspect_ratio=200%3A250	media/e1a3f9edc726659f.jpg
https://idx-acnt-ihouseprd.b-cdn.net/AR1140900/file_manager/lpt%20logo%20black.png	media/3f83d3bab1116801.png
https://idx-acnt-ihouseprd.b-cdn.net/AR1140900/file_manager/lptrealty_powerpacks_logos_black_horizontal_primary.png	media/1516104ebeaed6bb.png
https://idx-acnt-ihouseprd.b-cdn.net/AR1140900/file_manager/mountains-5844031_640.jpg	media/b47e5288e9c746c1.jpg
https://idx-acnt-ihouseprd.b-cdn.net/AR1140900/file_manager/mountains-7292778_640.jpg	media/f9e852fccdfbae7a.jpg
https://idx-acnt-ihouseprd.b-cdn.net/AR1140900/file_manager/new%20homes%20in%20loveland.png	media/205df13abedbc086.png
https://idx-acnt-ihouseprd.b-cdn.net/AR1140900/file_manager/noco-market-report-june-2026-featured.png_preview.jpeg	media/8c3d35661f14f3d3.jpeg
https://idx-acnt-ihouseprd.b-cdn.net/AR1140900/file_manager/outdoor%20space.webp	media/b017dc2cc7b5ebdc.webp
https://idx-acnt-ihouseprd.b-cdn.net/AR1140900/file_manager/pexels-pixabay-209315.jpg?width=1800&amp;height=1124&amp;aspect_ratio=900%3A562	media/ce5062ea7205d4a9.jpg
https://idx-acnt-ihouseprd.b-cdn.net/AR1140900/file_manager/pexels-pixabay-209315.jpg?width=900&amp;height=562&amp;aspect_ratio=900%3A562	media/63c5ef5d878cc71a.jpg
https://idx-acnt-ihouseprd.b-cdn.net/AR1140900/file_manager/pexels-rdne-stock-project-8293780.jpg	media/272f0a3ed031ea5f.jpg
https://idx-acnt-ihouseprd.b-cdn.net/AR1140900/file_manager/road-1204956_640.jpg	media/2f711b0b06e50ede.jpg
https://idx-acnt-ihouseprd.b-cdn.net/AR1140900/file_manager/road-5932316_640.jpg	media/4b4f7626629466ab.jpg
https://idx-acnt-ihouseprd.b-cdn.net/AR1140900/file_manager/shutterstock_1815348038.jpg	media/1cc926f306f7ca99.jpg
https://idx-acnt-ihouseprd.b-cdn.net/AR1140900/file_manager/shutterstock_1815348038.jpg?width=1000&amp;height=666&amp;aspect_ratio=500%3A333	media/439c825b55689d60.jpg
https://idx-acnt-ihouseprd.b-cdn.net/AR1140900/file_manager/shutterstock_1815348038.jpg?width=450&amp;height=233&amp;aspect_ratio=450%3A233	media/b1a123584b5e32dd.jpg
https://idx-acnt-ihouseprd.b-cdn.net/AR1140900/file_manager/shutterstock_1815348038.jpg?width=500&amp;height=333&amp;aspect_ratio=500%3A333	media/1eb9a56fae2d4c46.jpg
https://idx-acnt-ihouseprd.b-cdn.net/AR1140900/file_manager/shutterstock_1815348038.jpg?width=900&amp;height=466&amp;aspect_ratio=450%3A233	media/ab0331fcc27247b0.jpg
https://idx-acnt-ihouseprd.b-cdn.net/AR1140900/file_manager/well-4944270_640.jpg	media/6a1b1945f5e97fff.jpg
